movie_id|poster_image|name|born
1||Keanu Reeves|1964
2||Carrie-Anne Moss|1967
3||Laurence Fishburne|1961
4||Hugo Weaving|1960
5||Andy Wachowski|1967
6||Lana Wachowski|1965
7||Joel Silver|1952
8||Emil Eifrem|1978
12||Charlize Theron|1975
13||Al Pacino|1940
14||Taylor Hackford|1944
16||Tom Cruise|1962
17||Jack Nicholson|1937
18||Demi Moore|1962
19||Kevin Bacon|1958
20||Kiefer Sutherland|1966
21||Noah Wyle|1971
22||Cuba Gooding Jr.|1968
23||Kevin Pollak|1957
24||J.T. Walsh|1943
25||James Marshall|1967
26||Christopher Guest|1948
27||Rob Reiner|1947
28||Aaron Sorkin|1961
30||Kelly McGillis|1957
31||Val Kilmer|1959
32||Anthony Edwards|1962
33||Tom Skerritt|1933
34||Meg Ryan|1961
35||Tony Scott|1944
36||Jim Cash|1941
38||Renee Zellweger|1969
39||Kelly Preston|1962
40||Jerry O'Connell|1974
41||Jay Mohr|1970
42||Bonnie Hunt|1961
43||Regina King|1971
44||Jonathan Lipnicki|1990
45||Cameron Crowe|1957
47||River Phoenix|1970
48||Corey Feldman|1971
49||Wil Wheaton|1972
50||John Cusack|1966
51||Marshall Bell|1942
53||Helen Hunt|1963
54||Greg Kinnear|1963
55||James L. Brooks|1940
57||Annabella Sciorra|1960
58||Max von Sydow|1929
59||Werner Herzog|1942
60||Robin Williams|1951
61||Vincent Ward|1956
63||Ethan Hawke|1970
64||Rick Yune|1971
65||James Cromwell|1940
66||Scott Hicks|1953
68||Parker Posey|1968
69||Dave Chappelle|1973
70||Steve Zahn|1967
71||Tom Hanks|1956
72||Nora Ephron|1941
74||Rita Wilson|1956
75||Bill Pullman|1953
76||Victor Garber|1949
77||Rosie O'Donnell|1962
79||John Patrick Stanley|1950
80||Nathan Lane|1956
82||Billy Crystal|1948
83||Carrie Fisher|1956
84||Bruno Kirby|1949
86||Liv Tyler|1977
88||Brooke Langton|1970
89||Gene Hackman|1930
90||Orlando Jones|1968
91||Howard Deutch|1950
93||Christian Bale|1974
94||Zach Grenier|1954
96||Mike Nichols|1931
98||Richard Harris|1930
99||Clint Eastwood|1930
101||Takeshi Kitano|1947
102||Dina Meyer|1968
103||Ice-T|1958
104||Robert Longo|1953
106||Halle Berry|1966
107||Jim Broadbent|1949
108||Tom Tykwer|1965
109||David Mitchell|1969
110||Stefan Arndt|1961
112||Ian McKellen|1939
113||Audrey Tautou|1976
114||Paul Bettany|1971
115||Ron Howard|1954
117||Natalie Portman|1981
118||Stephen Rea|1946
119||John Hurt|1940
120||Ben Miles|1967
122||Emile Hirsch|1985
123||John Goodman|1960
124||Susan Sarandon|1946
125||Matthew Fox|1966
126||Christina Ricci|1980
127||Rain|1982
129||Naomie Harris|
131||Michael Clarke Duncan|1957
132||David Morse|1953
133||Sam Rockwell|1968
134||Gary Sinise|1955
135||Patricia Clarkson|1959
136||Frank Darabont|1959
138||Frank Langella|1938
139||Michael Sheen|1969
140||Oliver Platt|1960
142||Danny DeVito|1944
143||John C. Reilly|1965
145||Ed Harris|1950
146||Bill Paxton|1955
148||Philip Seymour Hoffman|1967
149||Jan de Bont|1943
151||Robert Zemeckis|1951
153||Milos Forman|1932
155||Diane Keaton|1946
156||Nancy Meyers|1949
158||Chris Columbus|1958
160||Julia Roberts|1967
163||Madonna|1954
164||Geena Davis|1956
165||Lori Petty|1963
166||Penny Marshall|1943
167||Paul Blythe|
168||Angela Scope|
169||Jessica Thompson|
170||James Thompson|
69131||William Boyles Jr.|1944
69132||Peter Morgan|1963
69133||J. Michael Straczynski|1954
69134||Elaine May|1932
69135||David Guterson|1956
69136||Tony Gilroy|1956
69137||Richard Matheson|1926
69138||Stephen King|1947
69139||William Gibson|1948
69140||Jeff Arch|1954
69141||Miklós László|1903
69142||Isaac Asimov|1920
69143||David Webb Peoples|1940
69144||Mark Andrus|
69145||Michael Crichton|1942
69146||Vince McKewin|
69147||David Mamet|1947
69148||Kelly Candaele|1954
69149||Dan Brown|1964
69150||Lawrence Hauben|
277220||William Broyles Jr.|
345846||Mark Hamill|1951
345847||Harrison Ford|1942
345848||Billy Dee Williams|1937
345849||Irvin Kershner|1923
345850||George Lucas|1944
414976|http://image.tmdb.org/t/p/w300/f3KUdmoQtkQYwL7noPiwkXkya8o.jpg|Billy Connolly|1942
414787||Chris Pine|1980
414788||Zachary Quinto|1977
414789||Leonard Nimoy|1931
414790||Eric Bana|1968
414791||Bruce Greenwood|1956
414792||Karl Urban|1972
414793||Zoe Saldana|1978
414794||Simon Pegg|1970
414795||John Cho|1972
414796||Anton Yelchin|1972
414797||J.J. Abrams|1966
414798||Roberto Orci|1973
414799||Alex Kurtzman|1973
414928|http://image.tmdb.org/t/p/w300/u4HDP1pGDV4gQZsBgYHKdgfICZz.jpg|Benedict Cumberbatch|1976
414929|http://image.tmdb.org/t/p/w300/tt6am7US9NDqhB3YlHxXlfePEKB.jpg|Alice Eve|1982
414930|http://image.tmdb.org/t/p/w300/qTdm4vdZPsplJpnTU4fSprp0CxJ.jpg|Peter Weller|1947
414931|http://image.tmdb.org/t/p/w300/6CMGstFjK1dUm8HCLsGo3VbzyGL.jpg|Heather Langenkamp|1964
414932|http://image.tmdb.org/t/p/w300/ijBWknhNh6At8gDoWqpoyvyXrZX.jpg|Damon Lindelof|1973
414935|http://image.tmdb.org/t/p/w300/wkWpYrtA1QCNv4B6L6fBTMRBiQ9.jpg|Cate Blanchett|1969
414936|http://image.tmdb.org/t/p/w300/EOujE6oH4TdqShKWfsiBaup4FS.jpg|Martin Freeman|1971
414937|http://image.tmdb.org/t/p/w300/olYcaJoZuHVW92gZgtVMUWGqMR8.jpg|Andy Serkis|1964
414938|http://image.tmdb.org/t/p/w300/c4fB3WAS7jN78rihw2kB81v6sez.jpg|Elijah Wood|1981
414939|http://image.tmdb.org/t/p/w300/uq6Wx7PaLgaw969avH7tLHnSb0Q.jpg|Ian Holm|1931
414940|http://image.tmdb.org/t/p/w300/7YwjaHLmuy1isK6oh3TnBDd6Oml.jpg|Christopher Lee|1922
414941|http://image.tmdb.org/t/p/w300/hgM7jEkkwI0HHx3K44UE48gBbfa.jpg|Sylvester McCoy|1943
414942|http://image.tmdb.org/t/p/w300/b1RvNVmtFCPAG4yESrvl6mE9Tly.jpg|Richard Armitage|1971
414943|http://image.tmdb.org/t/p/w300/m80aPwDkO7J87M39WsbMNoxBCoC.jpg|Lee Pace|1979
414944|http://image.tmdb.org/t/p/w300/fwCpSzQzI6ONplBhGszkE4bwnER.jpg|Bret McKenzie|1976
414945|http://image.tmdb.org/t/p/w300/4009c4aSNpIMiFlckJtpRGxcfkW.jpg|Aidan Turner|1983
414946|http://image.tmdb.org/t/p/w300/2uNrFQA0Zkkg5UFoYwixGSClJL3.jpg|James Nesbitt|1965
414947|http://image.tmdb.org/t/p/w300/bBXWmZtFbKy6Wzk1fHOCE8j6KfS.jpg|Barry Humphries|1934
414948|http://image.tmdb.org/t/p/w300/aS2ZLIOYsmL8UQscHEOOFMERI4F.jpg|Ken Stott|1957
414949|http://image.tmdb.org/t/p/w300/lSXxMaASqm9TfnKaDNaxolEOW3A.jpg|Dean O'Gorman|1976
414950|http://image.tmdb.org/t/p/w300/tLDVQCeSBRcAYXseZlqyK1GOx7l.jpg|Manu Bennett|1969
414951|http://image.tmdb.org/t/p/w300/8MN8C1w1wuEHMxdvDqHP5bDFMh.jpg|Peter Jackson|1961
414952|http://image.tmdb.org/t/p/w300/OV7rIE4sjk3wDbnRj2Y7Gcxf6V.jpg|Guillermo del Toro|1964
414971|http://image.tmdb.org/t/p/w300/pCncR8lsJkjNjuIgaONV2iDthyt.jpg|Mikael Persbrandt|1963
414972|http://image.tmdb.org/t/p/w300/uaRoTAS2D15vdlpHm122UEUg5ck.jpg|Stephen Fry|1957
414973|http://image.tmdb.org/t/p/w300/oAOpJKgKEdW49jXrjvUcPcEQJb3.jpg|Evangeline Lilly|1979
414974|http://image.tmdb.org/t/p/w300/jLF5zDGkxhSkea49CeOrpyMFipN.jpg|Orlando Bloom|1977
414975|http://image.tmdb.org/t/p/w300/1d31uDYub8TaLOPWfgX78OotduD.jpg|Luke Evans|1979
415232|http://image.tmdb.org/t/p/w300/hkJ8UaqMacoIiVkqu1AG69cIjMI.jpg|Justin Theroux|1971
415237|http://image.tmdb.org/t/p/w300/n0cVP5K2VxlohkAf7LoRwPt4xhu.jpg|Ben Kingsley|1943
415238|http://image.tmdb.org/t/p/w300/kpKck3ENK9e6XPrcCWIU9GEZr15.jpg|Rebecca Hall|1982
415239|http://image.tmdb.org/t/p/w300/u84OwMo6Dn0tlathI6EFlZYJZNj.jpg|William Sadler|1950
415240|http://image.tmdb.org/t/p/w300/dtv82z6uNuMkY65KcjD1TsTu4gP.jpg|James Badge Dale|1978
415241|http://image.tmdb.org/t/p/w300/5lfNRXxBaEz5UJah3s3FcN1xPgY.jpg|Yvonne Zima|1989
415242|http://image.tmdb.org/t/p/w300/7k2SH5xKV5pq7ntJDxNz4T9hItT.jpg|Ashley Hamilton|1974
415243|http://image.tmdb.org/t/p/w300/nilP2STQdGFhHVgCjTwBYGIwYsM.jpg|Spencer Garrett|1963
415244|http://image.tmdb.org/t/p/w300/tboCwZFTgogpbY2PQI7FcjoLdNK.jpg|Bridger Zadina|1994
415245|http://image.tmdb.org/t/p/w300/duZP6q1JQ1Is797xsZplydvgsRL.jpg|Jonathan Jackson|1982
415246|http://image.tmdb.org/t/p/w300/apuHZEpjtOFt7lsaZMBZL8pzj69.jpg|Stephanie Szostak|1975
415247|http://image.tmdb.org/t/p/w300/qpcel7RjjJyiayVmw9zQ389qqwX.jpg|Guy Pearce|1967
415248|http://image.tmdb.org/t/p/w300/zkjGHGH47wm8iNpnoyKBRW2LDV6.jpg|Ty Simpkins|2001
415249|http://image.tmdb.org/t/p/w300/fvRncqShcaV8R45IJGYZ7IAvrsO.jpg|Miguel Ferrer|1955
415250|http://image.tmdb.org/t/p/w300/9slEH8S7APuw3PifJNSYJ04ceJA.jpg|Shane Black|1961
415251|http://image.tmdb.org/t/p/w300/5nqmZQSOioaOGCMnKBmgyI4k2p0.jpg|Dan Mintz|1981
415122|http://image.tmdb.org/t/p/w300/1bAJgZFmu6QMzPBUv3X90CSBL99.jpg|Robin Wright|1966
415123|http://image.tmdb.org/t/p/w300/qU5xGqREbvbzOUKBtVTDOiUN5Qn.jpg|Mykelti Williamson|1960
415124|http://image.tmdb.org/t/p/w300/ymhpsxujOO3a9qaGYSpkenCt9Le.jpg|Sally Field|1946
415125|http://image.tmdb.org/t/p/w300/s3HnyavKcGcnv6lj38YBNSpzolE.jpg|Haley Joel Osment|1988
415126|http://image.tmdb.org/t/p/w300/e73ADDpR3vT1Bwa0Q0oRp5RQWTb.jpg|Eric Roth|1945
415168|http://image.tmdb.org/t/p/w300/tOIuOXdyCml6WHJLv3ZyOMILff2.jpg|Henry Cavill|1983
415169|http://image.tmdb.org/t/p/w300/alI8HC95Or4Tmere4smM6P2II5v.jpg|Amy Adams|1974
415170|http://image.tmdb.org/t/p/w300/dMjEMuNXIT3g66qv92DOUVGBFC8.jpg|Diane Lane|1965
415171|http://image.tmdb.org/t/p/w300/784nHLVWdenOyVkrZEbNLLOpU5a.jpg|Russell Crowe|1964
415172|http://image.tmdb.org/t/p/w300/5yGCJ6znHM96zTfW2LNP6uPPDCZ.jpg|Michael Shannon|1974
415173|http://image.tmdb.org/t/p/w300/gRbHrKrrTrQ0FBp1o7fvpItiWmf.jpg|Kevin Costner|1955
415174|http://image.tmdb.org/t/p/w300/qUxRtuQxWcuaUitnKoTyKgeIitu.jpg|Christopher Meloni|1961
415175|http://image.tmdb.org/t/p/w300/rsyr1zkli5QHxcyH06P37Fog44y.jpg|Tahmoh Penikett|1975
415176|http://image.tmdb.org/t/p/w300/iemm6n5z6v5aZfUiBgW8zrqVPzA.jpg|Ayelet Zurer|1969
415177|http://image.tmdb.org/t/p/w300/xWbtFJyN8ynIpdKNCB0KpsKldM7.jpg|Antje Traue|1981
415178|http://image.tmdb.org/t/p/w300/gHFxL7MIGvmcbg5hhTNrbjIttQN.jpg|Richard Schiff|1955
415179|http://image.tmdb.org/t/p/w300/gAs86I3KYkx4KNU767P26BjKO9I.jpg|Dylan Sprayberry|1998
415180|http://image.tmdb.org/t/p/w300/iivECyPFmK7SeT3iBtmOgz3n3M7.jpg|Michael Kelly|1969
415181|http://image.tmdb.org/t/p/w300/rEnVfc4Xb0M5T1QvtN1k2xJ8RbX.jpg|Carla Gugino|1971
415182|http://image.tmdb.org/t/p/w300/rYkz9NRfhVzgDbpXHRWqLkvjlgh.jpg|Mackenzie Gray|1957
415183|http://image.tmdb.org/t/p/w300/bbVRUCBwztY0mUzXdAmMgHocNSU.jpg|Julian Richings|1955
415184|http://image.tmdb.org/t/p/w300/1iKAlGuuipxIpemrhd6Iq4hKvzg.jpg|Alessandro Juliani|1978
415185|http://image.tmdb.org/t/p/w300/jDzkAorXMwsrHF3VzpvNiK8JS9y.jpg|Zack Snyder|1966
415186|http://image.tmdb.org/t/p/w300/dZZfxdv6yFqame3K4Y6IT4s17EV.jpg|Christopher Nolan|1970
415187|http://image.tmdb.org/t/p/w300/6hTxSi6BaCWDCsp7pTsDjG1H148.jpg|David S. Goyer|1965
415191|http://image.tmdb.org/t/p/w300/tMfElfQPTFMyDFCGp0FbdicOGFx.jpg|Gwyneth Paltrow|1972
415192|http://image.tmdb.org/t/p/w300/eronr4zagxsKCBkGsFBDBCOqyma.jpg|Jeff Bridges|1949
415193|http://image.tmdb.org/t/p/w300/veEGKSK07cbc97BHJAPnPIJlhqI.jpg|Terrence Howard|1969
415194|http://image.tmdb.org/t/p/w300/oBoQFa4vvwXsW8PhaAsOmm75gkW.jpg|Leslie Bibb|1974
415195|http://image.tmdb.org/t/p/w300/wLCXqzUSYDei84yozImWpLy2ZJ2.jpg|Faran Tahir|1963
415196|http://image.tmdb.org/t/p/w300/iDtxXJXmJGU7jYRjsvePNQblHV1.jpg|Robert Downey Jr.|1965
415197|http://image.tmdb.org/t/p/w300/t8CLS2Zcy7IjcZkE1vtxl40h9rh.jpg|Clark Gregg|1962
415198|http://image.tmdb.org/t/p/w300/sJSGJwGa3hjMlJNUCxF7wQwo7fb.jpg|Jon Favreau|1966
415199|http://image.tmdb.org/t/p/w300/2wlX6TzKnghrZHIdbtA2oKxKHcv.jpg|Peter Billingsley|1971
415200|http://image.tmdb.org/t/p/w300/nG3ma2vCYu4GksyeAxIABisqZMD.jpg|Tim Guinee|1962
415201|http://image.tmdb.org/t/p/w300/teciwVY9DIDNyCuYybKgrebF8bC.jpg|Samuel L. Jackson|1948
415202|http://image.tmdb.org/t/p/w300/rO5wJpx7ZlT6RaunZw20OGF6O2Y.jpg|Bill Smitrovich|1947
415203|http://image.tmdb.org/t/p/w300/xYU1FSeQhXLyg6VskqRBofFyoU8.jpg|Will Lyman|1948
415204|http://image.tmdb.org/t/p/w300/7QQmzUqv8trWHBLKlDeeYYkZ4Gt.jpg|Tom Morello|1964
415205|http://image.tmdb.org/t/p/w300/vJjVnmcnSkq6OhcdpVPzGO42sLC.jpg|Ahmed Ahmed|1970
415206|http://image.tmdb.org/t/p/w300/ybLWM4LBYrsqZ3h2qgn2zOUiIX0.jpg|Fahim Fazli|1966
415207|http://image.tmdb.org/t/p/w300/dTr2gJPL7jELKVkcjtoNx80uVKR.jpg|Stan Lee|1922
415208|http://image.tmdb.org/t/p/w300/8jRaYHrZX6sZoUOOXZI1H6EQNQa.jpg|Joshua Harto|1979
415209|http://image.tmdb.org/t/p/w300/7xIpgKu6A62ckDEg76ZcqC0cjY6.jpg|America Olivo|1978
415219|http://image.tmdb.org/t/p/w300/AvGzQ8fvjurGmZW3W1wlQ5WfSeT.jpg|Mickey Rourke|1952
415220|http://image.tmdb.org/t/p/w300/47yokddhrnDceLEXXIwwXqOOkUF.jpg|Scarlett Johansson|1984
415221|http://image.tmdb.org/t/p/w300/4PvWfLvABO5n1ZfzK76vol9Bqae.jpg|Don Cheadle|1964
415222|http://image.tmdb.org/t/p/w300/tWoefZSayyMpVOvg6fzaLPbEIRr.jpg|Olivia Munn|1980
415223|http://image.tmdb.org/t/p/w300/6xjiCvqgjz80HQc1CHgxIBeYWDz.jpg|Kate Mara|1983
415224|http://image.tmdb.org/t/p/w300/7hhPdLzWyeZf0ZH7rMCLlTmPnHz.jpg|Helena Mattsson|1984
415225|http://image.tmdb.org/t/p/w300/h2qyqtNHxCGPXJeyf3UugiSGaP5.jpg|Garry Shandling|1949
415226|http://image.tmdb.org/t/p/w300/nyWhEGQzKuIsz3RaEVIbGKtgl5j.jpg|John Slattery|1962
415227|http://image.tmdb.org/t/p/w300/zJGVUg4vDWmEpQFlLMWJjWwvCVe.jpg|Christiane Amanpour|1958
415228|http://image.tmdb.org/t/p/w300/ugHYNYMyn3zrKEtQJAnuEJrLiBr.jpg|Philippe Bergeron|1959
415229|http://image.tmdb.org/t/p/w300/pX6ft9MEU683jTv4RlMZTnx3tsJ.jpg|Bill O'Reilly|1949
415230|http://image.tmdb.org/t/p/w300/fe7Xk9MmNskEDmkAcR6JRCKvZ5K.jpg|Rachele Brooke Smith|1987
415231|http://image.tmdb.org/t/p/w300/5CCVaidtpFOEcFUoQWQZjbEwwBd.jpg|Tanoai Reed|1974
415592|http://image.tmdb.org/t/p/w300/uJds0AFjHpirDjxPPVZoflw39Ht.jpg|Sam Claflin|1986
415593|http://image.tmdb.org/t/p/w300/iOhjlK1qqj8XjwHkSgujSgwr7Q.jpg|Alan Ritchson|1982
415594|http://image.tmdb.org/t/p/w300/rCioFMyaQNDqSFCaBecsmd3REKV.jpg|Jena Malone|1984
415595|http://image.tmdb.org/t/p/w300/4KXLjhrWpw7k5qcnSinoyZYHCL1.jpg|Amanda Plummer|1957
415596|http://image.tmdb.org/t/p/w300/5lllNLrQLlxozRCbJrgnCAhOee6.jpg|Lynn Cohen|1954
415597|http://image.tmdb.org/t/p/w300/8HDeyCbDzjeylqfDIIs8Bmv40vX.jpg|Toby Jones|1967
415599|http://image.tmdb.org/t/p/w300/kc3M04QQAuZ9woUvH3Ju5T7ZqG5.jpg|Brad Pitt|1963
415600|http://image.tmdb.org/t/p/w300/iTj8HzuKXh8G1lwNSdFgT5gsLA5.jpg|Mireille Enos|1975
415601|http://image.tmdb.org/t/p/w300/6quYKpn0M3B0BJU3bm2CaSfvGFB.jpg|Elyes Gabel|1983
415602|http://image.tmdb.org/t/p/w300/skuKjL1Ep1SHrZuNl0lYVfZ9VM0.jpg|Fana Mokoena|1971
415603|http://image.tmdb.org/t/p/w300/qX6z4JChK5PjQoV1FuyBxzphZSZ.jpg|Peter Capaldi|1958
415604|http://image.tmdb.org/t/p/w300/4VqKQvO5sTrAwxN6aMuHrH3Jbdw.jpg|Moritz Bleibtreu|1971
415605|http://image.tmdb.org/t/p/w300/tWeQh7NrlPWMCPSsdxp4HuHATHN.jpg|Pierfrancesco Favino|1969
415606|http://image.tmdb.org/t/p/w300/mYpqFeHOKTPXLbZRKQjW1xECycl.jpg|Marc Forster|1969
415607|http://image.tmdb.org/t/p/w300/j5Le3QQljdGJ3kPAcjAZr9V4QUC.jpg|Drew Goddard|1975
415612|http://image.tmdb.org/t/p/w300/uBVONfPHpc2ZYxGpPi99CauRnhr.jpg|Paul Walker|1973
415613|http://image.tmdb.org/t/p/w300/qwyfzMKIhxJ7ols66FgEf7eGdcI.jpg|Vin Diesel|1967
415614|http://image.tmdb.org/t/p/w300/n432vxKiMpgdCmOjq7UX6Gatisa.jpg|Dwayne Johnson|1972
415615|http://image.tmdb.org/t/p/w300/hAz5828eC1izB9c78jBfEDTG4aK.jpg|Jordana Brewster|1980
415566||Mark Fergus|
415568|http://image.tmdb.org/t/p/w300/yz0s4kVEC7Wc4iqi2zK7Gmfx9h9.jpg|Jennifer Lawrence|1990
415569|http://image.tmdb.org/t/p/w300/AsqVQEXJnVhrneNrmW5uCG04S2q.jpg|Josh Hutcherson|1992
415570|http://image.tmdb.org/t/p/w300/eVeBiqx1vTsd1QCHOr24Cf13wb.jpg|Liam Hemsworth|1990
415571|http://image.tmdb.org/t/p/w300/omGlTJF2IW5r3L3c5y0qkCt3hFr.jpg|Stanley Tucci|1960
415572|http://image.tmdb.org/t/p/w300/yF4OpUbI9XMNRQhKvcqNobXZF9i.jpg|Elizabeth Banks|1974
415573|http://image.tmdb.org/t/p/w300/9qm3h0sYJhEIKrhC8DrILQ2THU2.jpg|Woody Harrelson|1961
415574|http://image.tmdb.org/t/p/w300/zQMEswmsafMRXjydPAKQRfvS9YT.jpg|Wes Bentley|1978
415575|http://image.tmdb.org/t/p/w300/zbsIVoRHTw3VmQ18O7xUaSfIQBE.jpg|Amandla Stenberg|1998
415576|http://image.tmdb.org/t/p/w300/txj58EEAHnTqmGDEAB8wSfIofaY.jpg|Lenny Kravitz|1964
415577|http://image.tmdb.org/t/p/w300/jxkqn9udxRJCN4A0mGcKoWLHlOY.jpg|Alexander Ludwig|1992
415578|http://image.tmdb.org/t/p/w300/bZslEz0bSkA7lxVZfK4zMoNny7I.jpg|Isabelle Fuhrman|1997
415579|http://image.tmdb.org/t/p/w300/tPLVaPjxEscGPKS3ieByloa8Mqj.jpg|Donald Sutherland|1935
415580|http://image.tmdb.org/t/p/w300/5jdHzpHDYXmMdNoCtXSf4axrqb7.jpg|Leven Rambin|1990
415581|http://image.tmdb.org/t/p/w300/xdxsCTSOATrUmXsGUloTOtjIO1J.jpg|Nelson Ascencio|1964
415582|http://image.tmdb.org/t/p/w300/dMoUDOJHsGrQcxKpFgbuMWRwiyI.jpg|Gary Ross|1956
415616|http://image.tmdb.org/t/p/w300/v37VK0MNuRuJOCKPKJcZAJXRA5r.jpg|Michelle Rodriguez|1978
415617|http://image.tmdb.org/t/p/w300/8AaJIsIb7yJcfwcgbD7qsT6ameq.jpg|Tyrese Gibson|1978
415618|http://image.tmdb.org/t/p/w300/iBuwoRzrFNbotnX5QNW7cepuld9.jpg|Gal Gadot|1985
415619|http://image.tmdb.org/t/p/w300/fqt53KEfHWsRDcbV2YAY2lKlKrM.jpg|Sung Kang|1972
415620|http://image.tmdb.org/t/p/w300/xLfq9wFO6dtYuUK96hbJ8I8EKFw.jpg|Ludacris|1977
415621|http://image.tmdb.org/t/p/w300/swPvtfYg50Mt21X48KhtB91oQzK.jpg|Thure Lindhardt|1974
415622|http://image.tmdb.org/t/p/w300/c1km2kqasJT9GTISMbBZpp3jbuR.jpg|Elsa Pataky|1976
415623|http://image.tmdb.org/t/p/w300/kwCXrQcaA5YILvFYxcemkmLjFuR.jpg|Johannes Taslim|1981
415624|http://image.tmdb.org/t/p/w300/dtEMSAQ5K8Kr3VwSr6TE4NwaQrN.jpg|Shea Whigham|1969
415625|http://image.tmdb.org/t/p/w300/oHkU7zUqB05N9BOpGAEHlYjCBmc.jpg|John Ortiz|1968
415626|http://image.tmdb.org/t/p/w300/rGmvQUrjFmhONxhSidO2nSIBbog.jpg|Gina Carano|1982
415627|http://image.tmdb.org/t/p/w300/cNcsEYmoS4niCz3UkVAA09dUIob.jpg|Neal H. Moritz|1959
415629|http://image.tmdb.org/t/p/w300/c01G88eCpiLLmT4RIWGkr7nm31o.jpg|Jesse Eisenberg|1983
415630|http://image.tmdb.org/t/p/w300/oGJQhOpT8S1M56tvSsbEBePV5O1.jpg|Morgan Freeman|1937
415631|http://image.tmdb.org/t/p/w300/isQ747u0MU8U9gdsNlPngjABclH.jpg|Mark Ruffalo|1967
415632|http://image.tmdb.org/t/p/w300/jFUESHnMbfqfTeh3c7chd8FqtVz.jpg|Isla Fisher|1976
415633|http://image.tmdb.org/t/p/w300/n10Yr6LtckIcgw3EdPxkVjwkBYS.jpg|Mélanie Laurent|1983
415634|http://image.tmdb.org/t/p/w300/nlIjMLp9zvvYM2eFm77UhI7s1nW.jpg|Michael Caine|1933
415635|http://image.tmdb.org/t/p/w300/51Y8EYKaoY3Tz6U5NAGhklVo16m.jpg|Dave Franco|1985
415636|http://image.tmdb.org/t/p/w300/3nwyef0DUs6ZZvz52aiTpSjQEdb.jpg|Common|1972
415637|http://image.tmdb.org/t/p/w300/ep6d6GcGXTr9jE5gJOA3kWgS4Ef.jpg|David Warshofsky|1961
415638|http://image.tmdb.org/t/p/w300/11pXICpcdGJxGG8H8g1Bk3qc66V.jpg|Elias Koteas|1961
415639|http://image.tmdb.org/t/p/w300/54rsjgcmdZj2wymmKy3FPRgkrie.jpg|Louis Leterrier|1973
415644|http://image.tmdb.org/t/p/w300/7GXzpyHLCEA36J9biB0wJVAauiO.jpg|Jonah Hill|1983
415645|http://image.tmdb.org/t/p/w300/pXLRqgIFwsaFOyZvVU73OR3okQv.jpg|James Franco|1978
415646|http://image.tmdb.org/t/p/w300/ixYrXZ8GteLf1Mykpg3nZL7vbZr.jpg|Rihanna|1988
415647|http://image.tmdb.org/t/p/w300/l355sIA4H4OuuVk4LtGbYepQJr8.jpg|Emma Watson|1990
415680|http://image.tmdb.org/t/p/w300/ul1ZZY0XgCZUGEPIJPMzmkz0yda.jpg|Chris Evans|1981
415681|http://image.tmdb.org/t/p/w300/fwBGBI9IcgntOreXQBddnfNVLN0.jpg|Ophelia Lovibond|1986
415682|http://image.tmdb.org/t/p/w300/A4PTs0q30L3NY4ptbsGBDGb24X0.jpg|Benicio del Toro|1967
415683|http://image.tmdb.org/t/p/w300/wgOg5Xk87nHaw6BbdepaLJfkmtn.jpg|Ray Stevenson|1964
415684|http://image.tmdb.org/t/p/w300/gP5WpU5ZqgVou6PzasZsz4T3PI.jpg|Alice Krige|1954
415688|http://image.tmdb.org/t/p/w300/o9ypmQ2kOMHCxhvYgY1KRdSqipY.jpg|Joshua Dallas|1981
415689|http://image.tmdb.org/t/p/w300/wsht2mqNenfzPhmCfw3ol83NuEZ.jpg|Colm Feore|1958
415690|http://image.tmdb.org/t/p/w300/2cLXFS32FzVoslm1ocdecLvDqGm.jpg|Jeremy Renner|1971
415691|http://image.tmdb.org/t/p/w300/vST4tGTsVtHRuW0sRHY3EDizorW.jpg|Kenneth Branagh|1960
415648|http://image.tmdb.org/t/p/w300/49zyYG6HSQm76mN1SLmCCzgIN0Y.jpg|Jason Segel|1980
415649|http://image.tmdb.org/t/p/w300/3CQ0JLzycE7uS8vGSmlZTTq7jpK.jpg|Seth Rogen|1982
415650|http://image.tmdb.org/t/p/w300/9SFoTtDoB0oozIWH7L8BtuWKR37.jpg|Jay Baruchel|1982
415651|http://image.tmdb.org/t/p/w300/aUbZbJWLEnJ5JeT56AmGo94nxAd.jpg|Aziz Ansari|1983
415652|http://image.tmdb.org/t/p/w300/VO9kzSQWqFMfYjnVZghT8Hyk0M.jpg|David Krumholtz|1978
415653|http://image.tmdb.org/t/p/w300/rpjKbiS2z4miGHTXbndlSzl7Xnk.jpg|Martin Starr|1982
415654|http://image.tmdb.org/t/p/w300/O3d0uQDznAHS4uWobaP0WLR35n.jpg|Mindy Kaling|1979
415655|http://image.tmdb.org/t/p/w300/44DW4hNukuxNhGwyMScNNKhwflN.jpg|Danny McBride|1976
415656|http://image.tmdb.org/t/p/w300/tVaRMkJXOEVhYxtnnFuhqW0Rjzz.jpg|Craig Robinson|1971
415657|http://image.tmdb.org/t/p/w300/kxeJQa9Ae7Ns1J1b5012SMeyXn2.jpg|Michael Cera|1988
415658|http://image.tmdb.org/t/p/w300/pioU58yFxKrazfWD9CZCXyyCf74.jpg|Christopher Mintz-Plasse|1989
415659|http://image.tmdb.org/t/p/w300/p0UUmSjbUy2V3Y8A1lTnQKbYvjL.jpg|Paul Rudd|1969
415660|http://image.tmdb.org/t/p/w300/fes96sycbYbaKQrRpCc70WcnNPu.jpg|Channing Tatum|1980
415661|http://image.tmdb.org/t/p/w300/nTYKqSQzJ9VlYKgqoES7WIDHywi.jpg|Kevin Hart|1980
415663|http://image.tmdb.org/t/p/w300/7l7U7YA1j3QwL3m2Vtn37WV6Fm9.jpg|Chris Hemsworth|1983
415664|http://image.tmdb.org/t/p/w300/rA0aS2GACY2fwrc7mEJR3f5k5FD.jpg|Tom Hiddleston|1981
415665|http://image.tmdb.org/t/p/w300/kj38Cd6OQohH3isCpnfHKlRQgSw.jpg|Idris Elba|1972
415666|http://image.tmdb.org/t/p/w300/d5eR6803JcwrKWgXs11SPNByrlH.jpg|Jaimie Alexander|1984
415667|http://image.tmdb.org/t/p/w300/hjWdhX7zEI0DkF7gA4hcEVcYCZl.jpg|Stellan Skarsgård|1951
415668|http://image.tmdb.org/t/p/w300/rXrYId44yFmeIBhNh5zJNhrGpU1.jpg|Zachary Levi|1980
415669|http://image.tmdb.org/t/p/w300/9ZcxKFZ58ZVDDrrE7cYwcKZ6NvJ.jpg|Christopher Eccleston|1964
415670|http://image.tmdb.org/t/p/w300/n1cRWfPAODjbrjZEK7uSW4cJcmx.jpg|Adewale Akinnuoye-Agbaje|1967
415671|http://image.tmdb.org/t/p/w300/4vVwsUwjNUwbDocEp2WR6OA8g1.jpg|Kat Dennings|1986
415672|http://image.tmdb.org/t/p/w300/7tGR6KqfMRd9NEpkslunjx7OJCV.jpg|Tadanobu Asano|1973
415673|http://image.tmdb.org/t/p/w300/2FKiC1rWPsbcbKvK3hTocxTo3GA.jpg|Rene Russo|1954
415674|http://image.tmdb.org/t/p/w300/cxzilQP3rxybruyoD4xIsxNvc8x.jpg|Anthony Hopkins|1937
415675|http://image.tmdb.org/t/p/w300/7Q5X0Kd1Dt1gubdrARC3XFc1fDc.jpg|Clive Russell|1945
415676|http://image.tmdb.org/t/p/w300/hmTLgS5aT1t1sdg1GfdXM9yYUPI.jpg|Chris O'Dowd|1979
415677|http://image.tmdb.org/t/p/w300/8ljyYhiinZD1RlVkzy0woxfu4bY.jpg|Tony Curran|1969
415678|http://image.tmdb.org/t/p/w300/twwKGV7bCSH3Ure1fum8SvAtmAH.jpg|Talulah Riley|1985
415679|http://image.tmdb.org/t/p/w300/abAWQ1teqGMOpbdoSlha26RvmHu.jpg|Richard Brake|1964
415820||Simon Beaufoy|
415821||Francis Lawrence|
416256|http://image.tmdb.org/t/p/w300/3nNL6AvMAYq0BmHKM79RnRZVq3i.jpg|Powers Boothe|1948
416257|http://image.tmdb.org/t/p/w300/9VzK7fDfZRhzMwCzNK3AXmnyuP.jpg|Alexis Denisof|1966
416258|http://image.tmdb.org/t/p/w300/e4GJkGmRGvrqPG5jcTNHBCmL1x9.jpg|Ashley Johnson|1983
416259|http://image.tmdb.org/t/p/w300/9XIiW2q5bz0f8Vm3PBpEirTuUNm.jpg|Harry Dean Stanton|1926
416260|http://image.tmdb.org/t/p/w300/pJFI2xppg82xZmJQOMYMFenNpGD.jpg|Enver Gjokaj|1980
416261|http://image.tmdb.org/t/p/w300/uQGDiNRAcTrOH9CNEWzTgJFkn7L.jpg|Jerzy Skolimowski|1938
416262|http://image.tmdb.org/t/p/w300/baftIOSfDEYAou4Ntwq94BPNHGN.jpg|Joss Whedon|1964
416067||Alan Taylor|
416068||Don Payne|
416069||Robert Rodat|
416093||Chris Morgan|
416094||Justin Lin|
416139|http://image.tmdb.org/t/p/w300/13fru6O93xArh4ebvnvDJkXQIhz.jpg|Leonardo DiCaprio|1974
416140|http://image.tmdb.org/t/p/w300/1nSuwQWq57E1AJa2kZjDxPUl49z.jpg|Carey Mulligan|1985
416141|http://image.tmdb.org/t/p/w300/g423LRluvo5JjxGtEgnclsNdX7Y.jpg|Tobey Maguire|1975
416142|http://image.tmdb.org/t/p/w300/k0wyfdMPh6TSaDKkrreuQIfg1sr.jpg|Jason Clarke|1969
416143|http://image.tmdb.org/t/p/w300/qZNrUxP6fizxC3VoiSl5piTCcEG.jpg|Joel Edgerton|1974
416144|http://image.tmdb.org/t/p/w300/a4oVlU0LMJjwOjP5a1jHol1Nv5l.jpg|Callan McAuliffe|1995
416145|http://image.tmdb.org/t/p/w300/d1Xl89KAgXyqkIUUyCRlpzLqYIh.jpg|Amitabh Bachchan|1942
416146|http://image.tmdb.org/t/p/w300/azRCXQlVEKnvkgx2MtqlZKZYWht.jpg|Adelaide Clemens|1989
416147|http://image.tmdb.org/t/p/w300/q7sQhwMo5By0WIh8qpwHnzznSzf.jpg|Vince Colosimo|1966
416148|http://image.tmdb.org/t/p/w300/5fWNstvlHs3oWJtvb2kU6RuRErt.jpg|Baz Luhrmann|1962
416149|http://image.tmdb.org/t/p/w300/w4wJ67X6whuy7KSkhUgw7Gly30F.jpg|Jay-Z|1969
416165|http://image.tmdb.org/t/p/w300/gmx8QIn5l1psAEeq4BJKZcFFI0j.jpg|Sean Connery|1930
416166|http://image.tmdb.org/t/p/w300/cRJqOew3Tqp629cV3seyvBdzwuM.jpg|Alec Baldwin|1958
416167|http://image.tmdb.org/t/p/w300/gjVe5sizXzlw9HfUIY9jB5C8pBB.jpg|Scott Glenn|1941
416168|http://image.tmdb.org/t/p/w300/mrbhjPg0SNCJu6Auj4WMheMg5EC.jpg|Sam Neill|1947
416169|http://image.tmdb.org/t/p/w300/pxC7jiRTHArPldgkqSneXRsrRJ9.jpg|James Earl Jones|1931
416170|http://image.tmdb.org/t/p/w300/b1Ijg1F0RX8ZQG8jJ03VTjWpd8b.jpg|Joss Ackland|1928
416171|http://image.tmdb.org/t/p/w300/lsIKxCURO9l4zEnVLwbVG2o1fLQ.jpg|Richard Jordan|1937
416172|http://image.tmdb.org/t/p/w300/x1kO6TTg3rnz0WAxYgmunsPaxvR.jpg|Courtney B. Vance|1960
416173|http://image.tmdb.org/t/p/w300/2qFPG3fIwshfPGDwIoP5aKVKFQM.jpg|Peter Firth|1953
416174|http://image.tmdb.org/t/p/w300/x5IMeQdb00fNwj95YetyvOuLGoY.jpg|Tim Curry|1946
416175|http://image.tmdb.org/t/p/w300/tstfddskUkJvtWcRBLZ6dsvffhM.jpg|Jeffrey Jones|1946
416176|http://image.tmdb.org/t/p/w300/1UEUs6UJdxjSbGakZflWuN4TS7T.jpg|Timothy Carhart|1953
416177|http://image.tmdb.org/t/p/w300/wk6ihO1JvxBwfvPGkYLKMHpQcGb.jpg|Fred Thompson|1942
416178|http://image.tmdb.org/t/p/w300/tknmquMIO2oAVUZ0vVX78ALHyaT.jpg|John McTiernan|1951
416253|http://image.tmdb.org/t/p/w300/i01zr4Pz8cIX06q3vRYAZdhBjLd.jpg|Cobie Smulders|1982
416254|http://image.tmdb.org/t/p/w300/2AwYEHV0cXXo3vtjiuwHMEkqh6R.jpg|Jenny Agutter|1952
416255|http://image.tmdb.org/t/p/w300/nSnqCXgUPjRWFSPXgS8i68yY1vM.jpg|Walter Perez|1982
416493|http://image.tmdb.org/t/p/w300/qLJgs8pgccWly2Jc01baLBoAdz2.jpg|Rachel McAdams|1978
416494|http://image.tmdb.org/t/p/w300/3mrUl2agLneG40JFd2zzXmxZ65w.jpg|Arliss Howard|1954
416495|http://image.tmdb.org/t/p/w300/AjR0aCaDOK6S38I8ziICgVbxH5I.jpg|Ron Livingston|1967
416496|http://image.tmdb.org/t/p/w300/mNiLxh1UZWXrVoXow3PB094mYCL.jpg|Maggie Castle|1983
416497|http://image.tmdb.org/t/p/w300/aGJFBcFEAbNZNQsUHVUIC8ZofLo.jpg|Robert Schwentke|
416511||Bruce Joel Rubin|
416321|http://image.tmdb.org/t/p/w300/59cs4jtsUkzsUZDkLjeEH8Emkf8.jpg|Liam Neeson|1952
416322|http://image.tmdb.org/t/p/w300/9XzAE3ZnCnazub4xrSY8YBN7sNq.jpg|Sam Worthington|1976
416323|http://image.tmdb.org/t/p/w300/4ZDzbIjbnpRK8q1VKA3s6sbs6go.jpg|Rosamund Pike|1979
416324|http://image.tmdb.org/t/p/w300/95C56hfbvSA1UNvD433EzXviyV5.jpg|Ralph Fiennes|1962
416325|http://image.tmdb.org/t/p/w300/x3R0shSJbrssotuWIwWSxfJRQls.jpg|Bill Nighy|1949
416326|http://image.tmdb.org/t/p/w300/jc1eGtCShQ2ZkzqWApiWbA1lbTF.jpg|Danny Huston|1962
416327|http://image.tmdb.org/t/p/w300/2ZjEK49sYX0E6lnAK9six1MbVLr.jpg|Toby Kebbell|1982
416328|http://image.tmdb.org/t/p/w300/5ef2DWJNvwFPdcYjbTSRmTUkq3q.jpg|Lily James|1989
416329|http://image.tmdb.org/t/p/w300/h14uj9f3EAJAgWqNSFzWN93ZxEQ.jpg|Martin Bayfield|1966
416330|http://image.tmdb.org/t/p/w300/xE44juqNVxXXszLnkL5jShLK6y1.jpg|Jonathan Liebesman|1976
416374||Dan Mazeau|
416375||David Johnson|
416377|http://image.tmdb.org/t/p/w300/kQISVkyVwSDd1k9htv9YIV10uGs.jpg|Brie Larson|1989
416378|http://image.tmdb.org/t/p/w300/cCwFcI3P9oa1Yy7jcPQyjehdsur.jpg|Ellie Kemper|1980
416379|http://image.tmdb.org/t/p/w300/gy2qyd40S0oU13PTrnuUiy5lvYM.jpg|Ice Cube|1969
416380|http://image.tmdb.org/t/p/w300/nr5BJGQX6G6oGEOwd9FPzbpTekr.jpg|Nick Offerman|1970
416381|http://image.tmdb.org/t/p/w300/XlCJd5nb4lb2NBsjzn4D7dlCwN.jpg|Rob Riggle|1970
416382|http://image.tmdb.org/t/p/w300/cqSPVCB46cTV9jHthKk2d0Fz3md.jpg|Johnny Depp|1963
416383|http://image.tmdb.org/t/p/w300/dckdQmpsVDainnnNRLKh2ceWjYQ.jpg|Jake M. Johnson|1978
416513|http://image.tmdb.org/t/p/w300/aCa4ELD1MfsVjLWYAynYbhXHQmu.jpg|Sandra Bullock|1964
416514|http://image.tmdb.org/t/p/w300/iSx8zmrDe4jd7xXZvLpfJ2d3rmM.jpg|Shohreh Aghdashloo|1952
416515|http://image.tmdb.org/t/p/w300/fauMGxa6dc86nHNenQ8X6DlE6YV.jpg|Christopher Plummer|1929
416516|http://image.tmdb.org/t/p/w300/pnzRL2TyIJyRrsUeNb7fXqRlKD3.jpg|Ebon Moss-Bachrach|1978
416517|http://image.tmdb.org/t/p/w300/l3q5vBixKV4LrJWaRdnXQ2Rc3PW.jpg|Willeke van Ammelrooy|1944
416518|http://image.tmdb.org/t/p/w300/dwMmHVEli5TKhAgCy2RfjIFzhOr.jpg|Dylan Walsh|1963
416519|http://image.tmdb.org/t/p/w300/4vjt3TWRbIpNfEeL5pjvDIob599.jpg|Lynn Collins|1977
416520|http://image.tmdb.org/t/p/w300|Alejandro Agresti|
416521|http://image.tmdb.org/t/p/w300|David Auburn|
416522|http://image.tmdb.org/t/p/w300|Eun-Jeong Kim|
416523|http://image.tmdb.org/t/p/w300|Ji-na Yeo|
416384|http://image.tmdb.org/t/p/w300/9SavxrnnZFQNd0yFq0WWk4Cmall.jpg|Phil Lord|1975
416385|http://image.tmdb.org/t/p/w300/tBJhILp15Gvog1qkeTkYhtb7NBW.jpg|Chris Miller|1975
416386|http://image.tmdb.org/t/p/w300/vDTiJsbZwHCE2FqbGSVxguEjUbg.jpg|Stephen J. Cannell|1941
416448||Ed Solomon|
416599|http://image.tmdb.org/t/p/w300/aneByKd0ZvfVPMROEq3NmSObGmB.jpg|Claire Forlani|1972
416600|http://image.tmdb.org/t/p/w300/vZKPzKDdqMbxMaJXmnoXXh3YQcw.jpg|Jeffrey Tambor|1944
416601|http://image.tmdb.org/t/p/w300/wJ8xccf8SPKc45psGBRprZUdWzG.jpg|Marcia Gay Harden|1959
416602|http://image.tmdb.org/t/p/w300/AdIO9QMDMFT3cuZE20Q350SllaL.jpg|Jake Weber|1964
416603|http://image.tmdb.org/t/p/w300/lsy3wzElqo3aiEBNSKNvJD6mdUS.jpg|June Squibb|1935
416604|http://image.tmdb.org/t/p/w300|Ron Osborn|
416605|http://image.tmdb.org/t/p/w300|Jeff Reno|
416606|http://image.tmdb.org/t/p/w300|Kevin Wade|
416607|http://image.tmdb.org/t/p/w300|Bo Goldman|
416608|http://image.tmdb.org/t/p/w300|Martin Brest||